{
  "project_info": {
    "project_number": "311890049647",
    "firebase_url": "https://foodon-4465e-default-rtdb.firebaseio.com",
    "project_id": "foodon-4465e",
    "storage_bucket": "foodon-4465e.appspot.com"
  },
  "client": [
    {
      "client_info": {
        "mobilesdk_app_id": "1:311890049647:android:e7bb3a9b936b40e4faab9a",
        "android_client_info": {
          "package_name": "my.foodon.app"
        }
      },
      "oauth_client": [],
      "api_key": [
        {
          "current_key": "AIzaSyAw-73GkBMnfcCWFv8jcR3xgFzFkE0A1NM"
        }
      ],
      "services": {
        "appinvite_service": {
          "other_platform_oauth_client": []
        }
      }
    }
  ],
  "configuration_version": "1"
}